[
    {
        "hero": "wolf",
        "username": "Woolfer0097",
        "level": 3
    },
    {
        "hero": "lynx",
        "username": "Reini",
        "level": 3
    },
    {
        "hero": "wolf",
        "username": "NnnikitiannN",
        "level": 2
    },
    {
        "hero": "lynx",
        "username": "Titikaka",
        "level": 3
    },
    {
        "hero": "lynx",
        "username": "WeirdChild",
        "level": 0
    },
    {
        "hero": "wolf",
        "username": "WolfDefender",
        "level": 1
    },
    {
        "hero": "lynx",
        "username": "Kenny",
        "level": 2
    },
    {
        "hero": "wolf",
        "username": "Kwada",
        "level": 1
    },
    {
        "hero": "lynx",
        "username": "Kod",
        "level": 0
    },
    {
        "hero": "lynx",
        "username": "Woolfer",
        "level": 0
    },
    {
        "hero": "wolf",
        "username": "Woolfer009",
        "level": 0
    },
    {
        "hero": "wolf",
        "username": "Woolfer0",
        "level": 0
    },
    {
        "hero": "wolf",
        "username": "Woolfer000",
        "level": 0
    },
    {
        "hero": "wolf",
        "username": "Wool",
        "level": 0
    },
    {
        "hero": "wolf",
        "username": "sdakj",
        "level": 0
    },
    {
        "hero": "wolf",
        "username": "fdsadk",
        "level": 0
    },
    {
        "hero": "wolf",
        "username": "fdsak",
        "level": 0
    },
    {
        "hero": "lynx",
        "username": "Wfdjs",
        "level": 0
    },
    {
        "hero": "wolf",
        "username": "Woolferdsa",
        "level": 0
    },
    {
        "hero": "wolf",
        "username": "sdfalkh",
        "level": 0
    },
    {
        "hero": "wolf",
        "username": "cdjmsd",
        "level": 0
    },
    {
        "hero": "wolf",
        "username": "Sfdsaf",
        "level": 0
    },
    {
        "hero": "wolf",
        "username": "fdsasd",
        "level": 0
    },
    {
        "hero": "lynx",
        "username": "Wofdska",
        "level": 0
    },
    {
        "hero": "lynx",
        "username": "DS",
        "level": 0
    },
    {
        "hero": "wolf",
        "username": "DSFasfd",
        "level": 0
    },
    {
        "hero": "lynx",
        "username": "dsfafds",
        "level": 0
    },
    {
        "hero": "wolf",
        "username": "Woolfer00",
        "level": 0
    }
]